<?xml version="1.0" ?>
<LOG_ROOT>
	<PROJECT NAME="Lab7wk4">
		<CBX_INST_ENTRY INSTANCE_NAME="|lab7wk4|LPM_ADD_SUB:ALU2" CBX_FILE_NAME="add_sub_ede.tdf"/>
		<CBX_INST_ENTRY INSTANCE_NAME="|lab7wk4|LPM_MUX:MUX2" CBX_FILE_NAME="mux_73e.tdf"/>
		<CBX_INST_ENTRY INSTANCE_NAME="|lab7wk4|LPM_COUNTER:delay" CBX_FILE_NAME="cntr_q5i.tdf"/>
		<CBX_INST_ENTRY INSTANCE_NAME="|lab7wk4|LPM_MUX:MUX3" CBX_FILE_NAME="mux_73e.tdf"/>
		<CBX_INST_ENTRY INSTANCE_NAME="|lab7wk4|LPM_RAM_DQ:mem|altram:sram|altsyncram:ram_block" CBX_FILE_NAME="altsyncram_64a1.tdf"/>
		<CBX_INST_ENTRY INSTANCE_NAME="|lab7wk4|exp7_alu:ALU1|LPM_MUX:alu_mux" CBX_FILE_NAME="mux_73e.tdf"/>
		<CBX_INST_ENTRY INSTANCE_NAME="|lab7wk4|LPM_MUX:MUX4" CBX_FILE_NAME="mux_73e.tdf"/>
		<CBX_INST_ENTRY INSTANCE_NAME="|lab7wk4|exp7_useq:useq|LPM_MUX:uPC_mux" CBX_FILE_NAME="mux_73e.tdf"/>
		<CBX_INST_ENTRY INSTANCE_NAME="|lab7wk4|exp7_useq:useq|LPM_ROM:uROM|altrom:srom|altsyncram:rom_block" CBX_FILE_NAME="altsyncram_sb01.tdf"/>
		<CBX_INST_ENTRY INSTANCE_NAME="|lab7wk4|LPM_COUNTER:pcReg" CBX_FILE_NAME="cntr_euj.tdf"/>
		<CBX_INST_ENTRY INSTANCE_NAME="|lab7wk4|LPM_COUNTER:spReg" CBX_FILE_NAME="cntr_n5k.tdf"/>
		<CBX_INST_ENTRY INSTANCE_NAME="|lab7wk4|LPM_MUX:MUX1" CBX_FILE_NAME="mux_93e.tdf"/>
		<CBX_INST_ENTRY INSTANCE_NAME="|lab7wk4|LPM_MUX:MUX5" CBX_FILE_NAME="mux_03e.tdf"/>
		<CBX_INST_ENTRY INSTANCE_NAME="|lab7wk4|exp7_alu:ALU1|LPM_ADD_SUB:alu_adder" CBX_FILE_NAME="add_sub_ede.tdf"/>
	</PROJECT>
</LOG_ROOT>
