clk,key[3]
clear,sw[0]
useqEnOut,ledr[17]
ctrlSignals[0],ledr[12]
ctrlSignals[1],ledr[11]
ctrlSignals[2],ledr[10]
ctrlSignals[3],ledr[9]
ctrlSignals[4],ledr[8]
ctrlSignals[5],ledr[7]
ctrlSignals[6],ledr[6]
ctrlSignals[7],ledr[5]
ctrlSignals[8],ledr[4]
ctrlSignals[9],ledr[3]
ctrlSignals[10],ledr[2]
ctrlSignals[11],ledr[1]
ctrlSignals[12],ledr[0]
ctrlSignals[13],ledg[7]
ctrlSignals[14],ledg[6]
ctrlSignals[15],ledg[5]
ctrlSignals[16],ledg[4]
ctrlSignals[17],ledg[3]
ctrlSignals[18],ledg[2]
ctrlSignals[19],ledg[1]
ACseg2[0],hex0[0]
ACseg2[1],hex0[1]
ACseg2[2],hex0[2]
ACseg2[3],hex0[3]
ACseg2[4],hex0[4]
ACseg2[5],hex0[5]
ACseg2[6],hex0[6]
ACseg1[0],hex1[0]
ACseg1[1],hex1[1]
ACseg1[2],hex1[2]
ACseg1[3],hex1[3]
ACseg1[4],hex1[4]
ACseg1[5],hex1[5]
ACseg1[6],hex1[6]
Rseg2[0],hex4[0]
Rseg2[1],hex4[1]
Rseg2[2],hex4[2]
Rseg2[3],hex4[3]
Rseg2[4],hex4[4]
Rseg2[5],hex4[5]
Rseg2[6],hex4[6]
Rseg1[0],hex5[0]
Rseg1[1],hex5[1]
Rseg1[2],hex5[2]
Rseg1[3],hex5[3]
Rseg1[4],hex5[4]
Rseg1[5],hex5[5]
Rseg1[6],hex5[6]
SPseg2[0],hex6[0]
SPseg2[1],hex6[1]
SPseg2[2],hex6[2]
SPseg2[3],hex6[3]
SPseg2[4],hex6[4]
SPseg2[5],hex6[5]
SPseg2[6],hex6[6]
SPseg1[0],hex7[0]
SPseg1[1],hex7[1]
SPseg1[2],hex7[2]
SPseg1[3],hex7[3]
SPseg1[4],hex7[4]
SPseg1[5],hex7[5]
SPseg1[6],hex7[6]